text,favorite_count,retweet_count,created_at,Whether the relevant
thinking people care covid anymore internet investing energy celebrity cheaters instead celebrity rapists tired ableism fatphobia transphobia rampant sw communities new j ffrey hmer series fuck shit,0,0,Wed Sep 28 02:06:21 +0000 2022,0
Mitsubishi Electric high wall heat pump offers new standards super energy efficient heating matter temperature like keep https co Jig SmgxO heatpumps mitsubishielectric summercooling energyefficient coolingsolutions,0,0,Wed Sep 28 02:05:10 +0000 2022,1
buzzing energy right Today amazing day made many new friends,2,0,Wed Sep 28 02:03:24 +0000 2022,0
One thing tell someone struggling pay energy shelter put new iPhone year common sense,0,0,Wed Sep 28 02:03:14 +0000 2022,0
Happy Libra New Moon energy one nice little kiss cheek Mars Rx eclipse szn,0,0,Wed Sep 28 02:03:02 +0000 2022,0
new moon came subtle energy potent turn page redefine love money thangs,0,0,Wed Sep 28 02:02:25 +0000 2022,0
never late fire everyone change team name build new ballpark another part city overcome loser energy https co WBLv Q X,3,0,Wed Sep 28 02:01:54 +0000 2022,0
Ofgem issues warning new energy rebate text message scam targeting vulnerable customers https co l q bExD,1,0,Wed Sep 28 02:01:01 +0000 2022,0
Chile reaping benefits green energy gold rush lithium boost come LPI Maricunga project Read new eBook Innovation News Network https co EZ ZGglt,1,0,Wed Sep 28 02:00:52 +0000 2022,1
Mitsubishi Electric high wall heat pump offers new standards super energy efficient heating matter temperature like keep https co kxUj iUXh heatpumps mitsubishielectric summercooling energyefficient coolingsolutions,0,0,Wed Sep 28 02:00:52 +0000 2022,1
guy nearly K BB ratio create outs pitches disgraceful performance team claiming contenders hard name franchise professional sports stronger losing energy Phillies New players collapses,1,0,Wed Sep 28 02:00:44 +0000 2022,0
days post New Moon Libra Energy update,0,0,Wed Sep 28 02:00:32 +0000 2022,0
European Energy Security Faces New Risks Nord Stream Explosions https co HoGpT W Yi https co cEJMSwrUvc w EcoSearch https co R kKmZ og,0,0,Wed Sep 28 02:00:12 +0000 2022,0
Ofgem issues warning new energy rebate text message scam targeting vulnerable customers Latest articles Ongoing threats https co skr rWGt,0,0,Wed Sep 28 02:00:02 +0000 2022,1
Creating new actions Finally attacks designed shift average European thinks energy even acts lighting stove one may think attacks wonder heating still work months time,1,0,Wed Sep 28 01:59:07 +0000 2022,0
Adani Group invest billion next years new energy money used build https co r NXR jEx,0,0,Wed Sep 28 01:58:11 +0000 2022,1
Energy expensive sticking Game console round perhaps new handheld cards,0,0,Wed Sep 28 01:57:56 +0000 2022,0
Lmao new millionaire better NY Loser energy,0,0,Wed Sep 28 01:57:03 +0000 2022,0
LYING H policies reason spikes First stopped pipeline kept us energy INDEPENDENT first week office SOLD oil reserves countries suppressed new drilling U CAUSED,0,0,Wed Sep 28 01:56:23 +0000 2022,0
yoooo days left us chart Rush hour YTC well energy tl able crazy numbers older songs new releases right,4,3,Wed Sep 28 01:56:20 +0000 2022,0
Kenya President Ruto returned Davis Chirchir cabinet Energy docket first served President Kenyatta sacked account corruption allegations never prosecuted https co ZJ Un ACv,0,1,Wed Sep 28 01:56:00 +0000 2022,0
think RHOA building season think next season different dynamics change friendships develop also think adding someone new help Enough recycled housewives need new energy someone REAL MONEY https co Yd QIDfOc,0,0,Wed Sep 28 01:55:38 +0000 2022,0
Kita da capable buat Axia EV dan Ativa Hybrid Policymaker pun da siap amp publish Renewable Energy framework time see new future,0,0,Wed Sep 28 01:55:33 +0000 2022,1
Dojo new energy future Although good world needs Mars needs https co yamZGiMIGb,1,0,Wed Sep 28 01:55:28 +0000 2022,1
Dojo new energy future Although good world needs Mars needs,1,0,Wed Sep 28 01:54:49 +0000 2022,1
Dojo new energy future Although good world needs Mars needs,1,0,Wed Sep 28 01:54:16 +0000 2022,1
New solar powered bitcoin mining center Texas megawatts Bitcoin helping develop renewable energy infrastructure https co HLmPZIBKIE,0,0,Wed Sep 28 01:54:09 +0000 2022,1
wan na know sucrose oh mean seen shows mr albedo seems shy super sweet wonder interested helping perfect new energy drink,0,0,Wed Sep 28 01:54:07 +0000 2022,0
gave giving energy interest changing putting energy building something new Changemakers waste time dismantling disrupt change need,6,2,Wed Sep 28 01:54:05 +0000 2022,0
Leaving New Year Complete NYE energy countdown,0,0,Wed Sep 28 01:54:01 +0000 2022,0
PHES pumped hydro energy storage river traditional hydro date nuclear plants like coal inflexible best operating full tilt PHES would allow absorbing excess peak delivering peak New nuclear plants said better,0,0,Wed Sep 28 01:53:43 +0000 2022,1
love kicking w New York women energy fire,0,0,Wed Sep 28 01:53:42 +0000 2022,0
Dojo new energy future Although good world needs Mars needs,0,0,Wed Sep 28 01:53:27 +0000 2022,1
new equipment modernized stations net zero emissions Amtrak lead drive toward sustainable transportation throughout nation https co PPIeTjGvU via TECnews,0,0,Wed Sep 28 01:53:10 +0000 2022,1
Dojo new energy future Although good world needs Mars needs,1,0,Wed Sep 28 01:53:04 +0000 2022,1
Whatever sign planets whether two zodiac signs several planets th house birth chart supposed break generational curses Step energy cultivate new stable family foundation,0,0,Wed Sep 28 01:52:58 +0000 2022,0
Dojo new energy future Although good world needs Mars needs,0,0,Wed Sep 28 01:52:47 +0000 2022,1
correct rather rich Democrats speak energy prices failures foreign policy American energy independence inflation led crisis e rate increases gt New Hampshire deserves better nhpolitics nh https co X tq hN,3,2,Wed Sep 28 01:52:28 +0000 2022,0
Dojo new energy future Although good world needs Mars needs,0,0,Wed Sep 28 01:52:27 +0000 2022,1
Dojo new energy future Although good world needs Mars needs,0,0,Wed Sep 28 01:52:20 +0000 2022,1
Dojo new energy future Although good world needs Mars needs,0,0,Wed Sep 28 01:52:05 +0000 2022,1
Never beg attention potential new relationship eachother flow response bare minimum reply give cue done others energy isnt syncing move Pls Extend courtesy,0,0,Wed Sep 28 01:51:59 +0000 2022,0
reading Ds agenda give margin new generation green manufacturing factories low wage states exporting clean energy global growth market blue collar job w higher ceiling electric lineman anyone wants,0,0,Wed Sep 28 01:51:10 +0000 2022,1
people forget every new moon full moon whole two weeks move energy fine tune goals pressured feel rushed around time long know needs change plenty time,1,0,Wed Sep 28 01:50:54 +0000 2022,0
Dojo new energy future Although good world needs Mars needs,0,0,Wed Sep 28 01:50:40 +0000 2022,1
good video story one storm preparation events showing new technology use help restore power quickly safely possible https co JNk rTHEah,0,0,Wed Sep 28 01:50:40 +0000 2022,0
Dojo new energy future Although good world needs Mars needs https co LOyvRTuOa,0,0,Wed Sep 28 01:50:16 +0000 2022,1
Dojo new energy future Although good world needs Mars needs,0,0,Wed Sep 28 01:49:38 +0000 2022,1
still nothing new show matches part time travel experiment went little caca miss Dean Stockwell energy,1,0,Wed Sep 28 01:49:11 +0000 2022,0
Dojo new energy future Although good world needs Mars needs,0,0,Wed Sep 28 01:49:02 +0000 2022,1
Dojo new energy future Although good world needs Mars needs,0,0,Wed Sep 28 01:48:30 +0000 2022,1
case new national energy company selling energy public bizarre surely important thing day one reduce fiscal burden households https co mhsQ qLqX,1,0,Wed Sep 28 01:48:29 +0000 2022,1
CHINA CSI NEW ENERGY INDEX lt CSI gt Reuters via https co ymHY x NYD,1,0,Wed Sep 28 01:48:20 +0000 2022,1
New coach new energy always want win got win Perth NBL CustomLegoFigAU https co rFooDm fE,0,0,Wed Sep 28 01:47:38 +0000 2022,0
say get new job like easy economy protesting takes time energy resources people trying get point still stands either tip current system pay food,0,0,Wed Sep 28 01:46:47 +0000 2022,0
Dojo new energy future Although good world needs Mars needs,0,0,Wed Sep 28 01:46:01 +0000 2022,1
Dojo new energy future Although good world needs Mars needs https co PaLRV afiM,0,0,Wed Sep 28 01:45:48 +0000 2022,1
Dojo new energy future Although good world needs Mars needs,0,0,Wed Sep 28 01:45:12 +0000 2022,1
Dojo new energy future Although good world needs Mars needs,0,0,Wed Sep 28 01:45:06 +0000 2022,1
Though renationalising states responsibility amp state Labor already moving direction e g SA reversing rail privatisation QLD established new state owned energy company,2,0,Wed Sep 28 01:42:47 +0000 2022,0
need new energy,0,0,Wed Sep 28 01:41:13 +0000 2022,1
glad back new podcast even happier got phrase little dick energy minutes first episode yay Kara,48,2,Wed Sep 28 01:41:06 +0000 2022,0
Soooooo caved Green New Deal mean Inflation Reduction Act order get pipeline proposal backing https co KvR mem,2,1,Wed Sep 28 01:40:39 +0000 2022,1
plan collapse energy grid New York drive gas home heating prices rough afford,0,0,Wed Sep 28 01:37:49 +0000 2022,0
New solar powered bitcoin mining center Texas megawatts Bitcoin helping develop renewable energy infrastructure https co sq pifApP,105,21,Wed Sep 28 01:36:23 +0000 2022,1
tour carried energy new album FITF Walls songs perform One thing realized put set together load temp Walls band create interesting live moments Louis LTWT,191,16,Wed Sep 28 01:35:36 +0000 2022,0
hate hot new cultural news person institution never heard energy research get caught see ze timeline always miss things,0,0,Wed Sep 28 01:35:18 +0000 2022,0
Hi scientific community United Nations calling urgent end fossil fuel consumption Renewables cheaper cleaner reliable UK public expand investments clean energy put end new fossil fuel projects,0,0,Wed Sep 28 01:34:46 +0000 2022,1
start Federal Energy Regulatory Commission FERC must finalize Regional Transmission Planning Cost Allocation Rule FERC Department Energy DOE must utilize existing backstop siting authority new infrastructure funds transmission lines,4,0,Wed Sep 28 01:33:52 +0000 2022,0
going called NETP transition partnership still developing structures based energy regulators modelling https co vnVZoqUzRI,0,0,Wed Sep 28 01:33:51 +0000 2022,0
Dou jou Wish new energy dis moment https co ngTf ajcz,0,0,Wed Sep 28 01:32:48 +0000 2022,1
big Dark Brandon energy new ally called https co VI hb xFQF,0,0,Wed Sep 28 01:31:59 +0000 2022,0
Interestingly new Renewable Energy target Queensland pretty much smack bang line percentage generation step change scenario ISP state https co JvsUoGFHgv https co CyyUrMu,14,6,Wed Sep 28 01:31:14 +0000 2022,1
Winter New York Biden Created Energy Crisis Disaster Waiting Happen https co qKRVXoMo,0,0,Wed Sep 28 01:30:04 +0000 2022,0
New issue new issue w openresearchdata ark fm STSinfrastructures https co ODNBhEwhi Covers topics Energy DataEthics PandemicGovernance AssistiveTechnology ResearchFunding Interdisciplinarity PeripheralScience Read https co hWj nSTiBM https co v r q,2,0,Wed Sep 28 01:30:00 +0000 2022,0
worlds serious human need figure way handle new godlike power hands madmen Eastern Europe read physics history books say kind energy safe hands pathological incompetent men,0,0,Wed Sep 28 01:29:33 +0000 2022,0
great title green license plate represents new energy vehicles hybrid car convert oil electricity use electricity economical costs yuan month charge,0,0,Wed Sep 28 01:29:05 +0000 2022,1
energy top space energies experience everyone kind everyone meaning everybody feel comfortable Success Lord Rings Battle Middle Earth pc game Lol yeah Im happy got new connection,1,0,Wed Sep 28 01:28:22 +0000 2022,0
new phase life way natural anxieties uncertainty change come part fear also desire compete win etc Brexit Covid War gt ready change Brought final vision life energy taker vs giver,0,0,Wed Sep 28 01:27:27 +0000 2022,0
Mitsubishi Electric high wall heat pump offers new standards super energy efficient heating matter temperature like keep https co oWdZhsVQ heatpumps mitsubishielectric summercooling energyefficient coolingsolutions,0,0,Wed Sep 28 01:26:29 +0000 2022,1
Revolutionary New Electric Vehicle Battery Charges Minutes Lasts Years https co n neFfwsV ElectricVehicles battery https co bZtpZxerh,0,0,Wed Sep 28 01:26:01 +0000 2022,1
demand rare earth new energy vehicles large resulting improper recycling electric vehicle batteries cause pollution land water sources https co Lbs ZNBGk,0,0,Wed Sep 28 01:23:55 +0000 2022,1
Mitsubishi Electric high wall heat pump offers new standards super energy efficient heating matter temperature like keep https co CjBMthKS heatpumps mitsubishielectric summercooling energyefficient coolingsolutions,4,0,Wed Sep 28 01:23:28 +0000 2022,0
resulted robust economy US experienced years lowest unemployment ever minorities women new records stock market low gas amp grocery prices energy independence baby food shortages new wars prison reform Yea real bad,0,0,Wed Sep 28 01:23:20 +0000 2022,0
Keep energy imma beat new old https co GUHoJRxw,0,0,Wed Sep 28 01:21:22 +0000 2022,0
settled new spot might even find energy write Shit hectic since got approved apartment lol moving sucks,0,0,Wed Sep 28 01:21:09 +0000 2022,0
nuclear energy development many new technologies fully vetted tested scale going transition oil forms energy task,0,0,Wed Sep 28 01:20:47 +0000 2022,1
Elastic robotic generators open strange new energy capture ideas https co YmGlPHjkhj Robotic,1,1,Wed Sep 28 01:20:16 +0000 2022,1
Heather Zichal stepping American Clean Power Association soon take new role JPMorgan Chase bank global head sustainability Zichal former climate energy adviser former President Obama https co b py ruu H,0,0,Wed Sep 28 01:20:01 +0000 2022,1
State ownership energy centrist Abolishing House Lords centrist introducing new voting system centrist either Also Tory party centrists Truss ERG toast looks like centrism coming back soon,0,0,Wed Sep 28 01:19:37 +0000 2022,0
obviously misinformed ukros dead injured new rich resources territory finally back Russia belongs Soon Nikolaev Odessa back Kharkov Europe energy crisis simply perfect,0,0,Wed Sep 28 01:19:22 +0000 2022,0
Sure existing stuff needed make new stuff things made powered e fuels within couple decades Fossil fuels thing past fuels continue useful many things long time,0,0,Wed Sep 28 01:19:05 +0000 2022,1
New Englanders want reliable inexpensive energy https co Bn EDgPd,3,1,Wed Sep 28 01:18:05 +0000 2022,0
Excited announce Brian Christensen IMF new Director Corporate Services amp Facilities Brian wonderful colleague amp respected leader creative mind amp energy needed continue excellent leadership betterment Fund https co Na PXfDC,0,0,Wed Sep 28 01:18:01 +0000 2022,0
Yankee Dodger Uncivil War New York City Los Angeles much different years apart amp still High crime high energy costs Wild America,0,0,Wed Sep 28 01:17:44 +0000 2022,0
computer industry started emerging everyone panicked replacing humans whole new job market emerged better Green energy create new jobs like computer industry never free oil,0,0,Wed Sep 28 01:17:17 +0000 2022,1
energy storage maximize decarbonization new consortium idea Greenbiz https co bB TnWzhKd,1,1,Wed Sep 28 01:17:08 +0000 2022,1
Love idea afford new EV vehicle gas powered one runs fine energy going come charging stations Even high gas prices tax incentives never recoup money car years old fine,0,0,Wed Sep 28 01:17:08 +0000 2022,1
GTR GTI Energy Thor uranium drill intersects bright new roll fronts via Stockhead https co Sc hbmKcuk GTR GTIResources ASX ausbiz smallcaps microcaps ausstocks,0,0,Wed Sep 28 01:16:02 +0000 2022,0
European energy war heating escalated economic fight explosions underwater pipeline Russia amp Germany explosion happened close new pipeline Norway Denmark amp Poland open week Whodunnit,1,0,Wed Sep 28 01:16:01 +0000 2022,0
Host expect better coordination gas electric industries help significant new dispatchable generation need built Registration https co Sya FBY F https co lwKmh kM P,0,0,Wed Sep 28 01:15:11 +0000 2022,1
Russia became largest oil supplier China Norway firm refused certify Russia Nord Stream new US sanctions Given growing complexity energy podcast January address topics https co PvOGdI r N https co f zpLmaegX,0,0,Wed Sep 28 01:14:44 +0000 2022,0
announced Europe would see huge need new gas like bcm decline indigenous production time anticipated US would match Qatar possibly become world LNG biggest exporter Graph via https co pvlgkiKXlY,1,0,Wed Sep 28 01:14:37 +0000 2022,1
Climate change energy crisis powering comeback technology installed new U homes https co RYMcz uhRM,0,0,Wed Sep 28 01:14:31 +0000 2022,1
knew bottles wine brought energy successful adding linked able see successful two years ago Till day still reach ask whenever post new,0,0,Wed Sep 28 01:14:26 +0000 2022,0
Tomorrow get preview long awaited Value Distributed Energy Resources Study used basis determining new rates small scale local generation immensely important tune https co LQLUowrZZ,8,2,Wed Sep 28 01:13:58 +0000 2022,1
none missteps misjudge inflation engineered economic drawdown keep pace energy production drawdown feature Build Back Better also known Green New Deal Enjoy winter heating bills,1,0,Wed Sep 28 01:13:57 +0000 2022,1
Congressional Negotiators Agree Billion New Ukraine Aid measure passed bring total US expenditures war Ukraine billion Including billion energy spending offset sanctions brings total billion,1,0,Wed Sep 28 01:13:53 +0000 2022,0
MTA performance dashboard https co HAVM AmqUA Nothing energy efficiency use though https co vSU g L IG like check claims accuracy Sometimes people accidently put zero wrong place,0,0,Wed Sep 28 01:13:48 +0000 2022,0
Yeah Portland spots capacity good security bussing staff flip room w got ta adjust new energy,2,0,Wed Sep 28 01:13:46 +0000 2022,0
beautiful flower blooms precious way Good morning angel Another busy day angel baby Sending lots happy amp positive energy Susu na ka love NuNew NanaNu CR shining new https co fjNYtjmMcR,11,6,Wed Sep 28 01:13:33 +0000 2022,0
launched new creamy flavor mood boosting instant energy cals fat burning keto lowcarb ketodiet ketolifestyle ketolife weightloss ketorecipes ketosis ketomeals ketogenic ketoweightloss https co TCYZuB Osu https co hTQHSy iuR,0,0,Wed Sep 28 01:12:31 +0000 2022,0
sensible thing ever said Sad see Luddites force Look around rest world new nuclear technology people need wilfully blind backward Nuclear greenest energy available,0,0,Wed Sep 28 01:11:53 +0000 2022,1
America energy future renewables Investing fossil fuels like blowing family budget used VCRs track players Face facts support Green New Deal really care American energy ThereIsNoPlanetB GreenNewDeal,1,0,Wed Sep 28 01:11:30 +0000 2022,1
passion career role play life success many aspects rising energy could easy adopting new habit changing diet lifestyle even changing inner circle,0,0,Wed Sep 28 01:10:40 +0000 2022,0
rampant inflation record high energy prices things like GBP Yen crashing spending kind money new GPU CPU luxury ppl afford right,0,0,Wed Sep 28 01:10:18 +0000 2022,0
Andrews government Tuesday announced plans introduce says biggest energy storage targets Australia alongside million funding package boost Victoria shift renewable energy away coal https co P rn q https co yk wkkKtBQ,2,1,Wed Sep 28 01:10:15 +0000 2022,1
Edison burns labs one hire people make memes next millennium new set crooks suppress brilliance deny world free energy pulled wheel work universe https co qPO urL p,0,0,Wed Sep 28 01:09:48 +0000 2022,0
Norway defense minister calling emergency NATO defense ministerial meeting tomorrow deliberate attacks two Norway energy pipelines serious developing NordStream Anschlaege https co P dtZL bEy stealth dunno,1,1,Wed Sep 28 01:09:46 +0000 2022,0
need new party left right inconsequential middle Cherry Pickers Select best State run energy general transport ideal would self sufficient forget Thatcher globalism becoming energy food water independent fundamental,0,0,Wed Sep 28 01:08:05 +0000 2022,0
probably right designed compromise bill oil amp new green energy might attract votes actually think Manchin argument valid transition overnight need produce domestic oil Progressives unrealistic IMO,0,0,Wed Sep 28 01:07:32 +0000 2022,1
want thank stream tonight sorry adrupt end kids woke nightmare needed cuddle lt live tomorrow new energy lt Love raided,1,0,Wed Sep 28 01:07:18 +0000 2022,0
wait see new heights energy prices soar today goes inflation reduction,0,0,Wed Sep 28 01:06:53 +0000 2022,0
ladies went strong next adventure however fell short Different year result step taken top four leaders Bring new energy new purpose State achievable ever six Regionals Believe https co CqceRPnN,5,1,Wed Sep 28 01:06:21 +0000 2022,0
New England governors want least million aid expected spike heating bills https co XJQl K xHD via,0,0,Wed Sep 28 01:05:19 +0000 2022,0
Ofgem issues warning new energy rebate text message scam targeting vulnerable customers https co WeBsbdiK c,0,0,Wed Sep 28 01:05:07 +0000 2022,1
Paris New York city suing oil company TotalEnergies failing adequately fight climate change lawsuit want force major energy player respect Paris Agreement ActOnClimate https co ebxMriz v https co AkJQF eJ,0,0,Wed Sep 28 01:05:01 +0000 2022,1
EU warns patchwork taxes ease energy crisis https co FlvEE Oy,0,0,Wed Sep 28 01:04:49 +0000 2022,0
Netherlands proposes billion plan ease pain energy crisis https co x h uCV,0,0,Wed Sep 28 01:04:08 +0000 2022,0
secret change focus energy fighting old building new socrates Avatar Wednesdayvibe https co KLzv U,0,0,Wed Sep 28 01:03:49 +0000 2022,0
Norway energy crisis plan fails gain support https co gAKuR gm,0,0,Wed Sep 28 01:03:27 +0000 2022,0
Energy Independence cool Green New Deal really fucks,4,1,Wed Sep 28 01:01:25 +0000 2022,1
really people think think repeat last year New team new coach whole different energy definitely gon na see different Russ believe,0,0,Wed Sep 28 01:01:17 +0000 2022,0
Lights Ovens Europe Preparations Winter Energy Crisis https co VvkUCSayo,0,0,Wed Sep 28 01:00:58 +0000 2022,0
Read https co TNieEhDfxY UnleashAfrica Africa Hydrogen News Benefit Energy Flexible MK https co OdXGTjg Ao,0,0,Wed Sep 28 01:00:57 +0000 2022,0
effort drive awareness trial ZOA Energy Drink tapping partnership Rock new superhero movie Black Adam https co j NZhPqH L,0,0,Wed Sep 28 01:00:21 +0000 2022,0
DivineFeminine guys heavily watched people feel missed part story energy moving calmer waters feeling happy possibly dating new people dating new person Someone feels jealous,0,0,Wed Sep 28 01:00:20 +0000 2022,0
NEW Electronic Device New Energy Vehicle Detection Tool submitted SHENZHEN SMARTSAFE TECH CO LTD https co ssENYw vdD,0,0,Wed Sep 28 01:00:07 +0000 2022,1
know needs hear romantic life become wonderful grow wings fly higher ever Love heal literally receive new fresh energy boost,19,6,Wed Sep 28 01:00:01 +0000 2022,0
Ofgem issues warning new energy rebate text message scam targeting vulnerable customers https co tdFQT RL,0,0,Wed Sep 28 00:59:51 +0000 2022,1
think development new energy vehicles rare earth mining proposed President trump destroy United States battery contained new energy vehicles largest pollution source electrolyte battery lithium https co pqGvnW erK,0,0,Wed Sep 28 00:59:48 +0000 2022,1
Really dislike type one thing realize someone else thinks mean something else due energy leave old arse looks see slang something new calling client invoice fools,0,0,Wed Sep 28 00:59:36 +0000 2022,0
government says rare earths provide basic equipment production guarantee United States open electric vehicles fields get rid China rare earth restrictions demand rare earths new energy vehicles large https co YBRYkEtchQ,0,0,Wed Sep 28 00:58:55 +0000 2022,1
Ukraine crisis European countries open new pipeline achieve energy independence https co UvUUODyP J,0,0,Wed Sep 28 00:58:12 +0000 2022,0
Ocean waves nuclear fusion behind new Australian technologies green power New Daily https co P riybmVoL,0,0,Wed Sep 28 00:57:02 +0000 2022,1
Even survive shutting new energy infrastructure help much expensive let remain competitive need old cheap Russian gas back accept working poverty wages,0,0,Wed Sep 28 00:56:52 +0000 2022,0
illusion side energy transition lies new geopolitical future https co inRsfs Xo,0,0,Wed Sep 28 00:56:49 +0000 2022,1
begin new collection items FREE MINT Pok mon ENERGY CARDS listed collection editions tez Make sure grab one friend gone dart pokemon https co cpg oevJ https co GV qxUeDPK,1,0,Wed Sep 28 00:54:16 +0000 2022,0
Energy transitions never occurred way Like tech cultural social change innovation adoption new spurred emerging shortcomings old periods transition occur https co JMpHWa Ssp,0,0,Wed Sep 28 00:53:00 +0000 2022,1
new wars biden inflation Shortages Power grid Energy supply,0,0,Wed Sep 28 00:52:20 +0000 2022,0
need fundamentally reduce delay cost hassle permitting energy energy transmission infrastructure renewable energy future requires LOT new projects infrastructure,1,0,Wed Sep 28 00:51:53 +0000 2022,1
one hand keep mind OW players talking people energy go take showers let alone go public buy new SIM card phone secondary account https co VDPlUJYuwN,1,1,Wed Sep 28 00:51:30 +0000 2022,0
distance new response return energy remove,0,0,Wed Sep 28 00:51:18 +0000 2022,0
Bitcoin community privately fund power plants Feels like everything functional reliable affordable ends needing privatized many govt seem slow block cheap energy new sources actually work,0,0,Wed Sep 28 00:49:29 +0000 2022,1
think benefits Tony La Russa leaving Sox significant energy decision making player health guy harm ran deeper typical bad manager still plenty talent South Side make interesting new leader,161,10,Wed Sep 28 00:47:55 +0000 2022,0
huge annoyance expense American people need Without petroleum products heat amp c need like wind turbines would take solar farm nearly size New Jersey power NYC Green energy feasible,2,0,Wed Sep 28 00:47:52 +0000 2022,1
People returning work job creation Canceling pipelines permits new drilling raises energy prices Supply chain disasters cause empty store shelves listening intel causes loss life Afghanistan didnt happen Put crack pipe better,0,0,Wed Sep 28 00:47:46 +0000 2022,0
One six Americans million households behind utility bills direct result President Biden failed energy policies put Green New Deal priorities ahead affordable reliable energy need https co JDbq fV L,4,1,Wed Sep 28 00:47:44 +0000 2022,1
Working new youtube series right gaming energy drink community know energy company affiliate partner code PLEASE post link tag company Want try,15,1,Wed Sep 28 00:47:13 +0000 2022,0
Adani Group set invest billion across new energy data centres next years AdaniGroup invest billion across newenergy datacentres next years India BharatRising https co QnbJKt,0,0,Wed Sep 28 00:47:12 +0000 2022,1
create new accounts either hate twitter app sucks Imagine devoted energy shutting hate speech,4,0,Wed Sep 28 00:47:01 +0000 2022,0
Blessed Wednesday morning resting night time use energy happily new day start daily activities make sure breakfast stay hydrated great day everyone,0,0,Wed Sep 28 00:46:55 +0000 2022,0
looking new job still working full time job completely burned known going happen would delayed publishing book Anyway hope find time energy,0,0,Wed Sep 28 00:46:44 +0000 2022,0
Palaszczuk govt lifting renewable target decade Expect hydro talk today part energy plan still suggestion boost emissions reduction target qldpol https co BLUJlCbTZO https co vGXCx ChH,2,0,Wed Sep 28 00:44:57 +0000 2022,1
Vogel new Westbrook energy hate disrespect Westbrook,0,0,Wed Sep 28 00:43:33 +0000 2022,0
horrible new wars Energy independence,0,0,Wed Sep 28 00:42:45 +0000 2022,0
Greens pushing renewable powered public transport introducing new solar powered busses transitioning total renewable energy https co avnGuSd lM,0,0,Wed Sep 28 00:42:39 +0000 2022,1
governments currently facing period high inflation Social impact measurement may help government see immediately take actions See government UK addresses high energy bills https co x TNbicv CxImpactPH inflation,0,1,Wed Sep 28 00:41:42 +0000 2022,0
Efforts build electric vehicle chargers got jolt new energy every state United States well District Columbia Puerto Rico access federal funds charging infrastructure projects https co cbYpJwhbj,295,55,Wed Sep 28 00:41:07 +0000 2022,1
shameful public display emotional manipulation blackmailing people officially reached new low Donny Please give inch energy outrageous characters deserve fraction time DonBelle https co F psGJezPV,0,0,Wed Sep 28 00:40:00 +0000 2022,0
Hey new thing induced equal parts matter antimatter graphine existence way make engine Induce matter antimatter together let short inside kind engine guess would probably take much energy,0,0,Wed Sep 28 00:39:29 +0000 2022,0
NEW ITEM SALE Yokogawa PR X Power Energy Meter Style Display DW https co Ta axd b https co Zh gDNAtTc,0,0,Wed Sep 28 00:38:50 +0000 2022,0
energy drink marketing players anyone recognizes title years existence claim New York actually located Jersey matter irrelevant Best thing going academy setup,17,1,Wed Sep 28 00:38:48 +0000 2022,0
could water sign making struggle achieve balance life may need cut someone life put first shift energy surrounding situation practicing learning new skills use interests make financial gain,0,0,Wed Sep 28 00:38:27 +0000 2022,0
Australia push towards renewable future continues Victoria targeting GW energy storage lot nickel Cobalt amp Manganese required make lithium ion batteries https co ssL wnE Uh via,0,0,Wed Sep 28 00:38:10 +0000 2022,1
get upset finally give back energy passive friend years love new approach comes things,1,0,Wed Sep 28 00:36:11 +0000 2022,0
Prince Abdulaziz bin Salman remains Saudi Arabia energy minister new cabinet https co f QTEnYKHz,0,0,Wed Sep 28 00:35:55 +0000 2022,0
Utterly amazed brain retained act addition novel amp new short story idea entire work day energy spill come old electrified meat sack still good something besides selling wattage survival,0,0,Wed Sep 28 00:35:35 +0000 2022,0
new favourite energy drink damn good https co c MHNWEssp,0,0,Wed Sep 28 00:34:32 +0000 2022,0
Highlight day visiting new hires hear working support need energy excitement blessing Grateful educators choose serve district NoPlaceLikeAHISD https co YPjrnSiKuX,19,1,Wed Sep 28 00:34:11 +0000 2022,0
like happens Pokemon new game releases Negative energy attracts negative energy Someone says something bad another person jumps train end day nobody winning lol feelsbad,4,0,Wed Sep 28 00:33:36 +0000 2022,0
Biden policy reversal war energy caused prices go planned taken profitability away leases exist feasible Many leases utilized new drilling prohibited Biden knows nothing radical green handlers know,2,0,Wed Sep 28 00:32:38 +0000 2022,0
man high status like disclose everything new girl invest time energy find answers slowly,16,2,Wed Sep 28 00:30:05 +0000 2022,0
SURPRISE Chump new would happen voted inflation anyway However legislation longer includes Sen Joe Manchin Energy Independence Security Act Senate Advances Spending Bill Billion Ukraine Aid https co jN YnzyF,0,0,Wed Sep 28 00:29:11 +0000 2022,0
fewer coal fired power stations per person Australia awesome hope investing replacements https co Dl DiMgu,1,0,Wed Sep 28 00:29:02 +0000 2022,1
megawatts wind power held awaiting permits anti construction pro green energy Permits sought green energy far new fossil fuel projects green energy cheaper efficient,0,0,Wed Sep 28 00:28:34 +0000 2022,1
One Italian new PM stand EU bureaucracy give federalised eu way Second energy shortages bring nationalism aspect pronounced Germans manage outbid everyone get industry powered,0,0,Wed Sep 28 00:25:24 +0000 2022,0
Respect relationship partner enough try actually put effort put new people energy often give strangers charismatic charming energetic selves everybody else partner get scraps,2,0,Wed Sep 28 00:25:08 +0000 2022,0
think point fired invoke child new new born nothing Energy totally different invoking family,6,1,Wed Sep 28 00:24:55 +0000 2022,0
One pair earrings left go Today busy day new listings playing catch Hopefully Thursday get new stuff made say tomorrow errands way energy get home,5,0,Wed Sep 28 00:24:22 +0000 2022,0
Palaszczuk Govt supporting potential new vanadium hub good jobs North West committed least demonstration processing plant Townsville help happen Vanadium important push renewable energy target https co w EgAzS,1,0,Wed Sep 28 00:24:06 +0000 2022,1
GM GA GN Genopets prepares new update movetoearn game one includes adjustments step energy conversion formulas provide boosts higher level pets slow production KI tokens Crystals https co SzhzYcZ NJ,1,1,Wed Sep 28 00:24:04 +0000 2022,0
New products coming would done love energy replies,0,0,Wed Sep 28 00:23:45 +0000 2022,0
new Sanrio character really big Sanrio fan since child one may favorite ever lol love adorable gremlin energy,3,0,Wed Sep 28 00:23:28 +0000 2022,0
Russian Ukrainian conflict strains Europe energy crisis Financial markets shambles Inflation reaching new ATH Winter horizon obvious benefactors incident,0,0,Wed Sep 28 00:23:06 +0000 2022,0
New Job Aerospace Fitters x services many sectors including energy aerospace marine defence behalf organisation AMS looking Aerospace Fitters Month contract based within interested https co tTgju VS l,0,0,Wed Sep 28 00:23:03 +0000 2022,0
New energy get Deutschland regardless idiot chief NordStream idiot radical green alphabet agency could new kind conflict Scandinavia Look new source NordicEnergyMarket,0,0,Wed Sep 28 00:22:46 +0000 2022,1
Ocean waves nuclear fusion behind new Australian technologies green power New Daily https co PkkTSyl rB,1,0,Wed Sep 28 00:22:36 +0000 2022,1
reality always stand Like sore fucking thumb beliefs appearance talents servitude creativity mind gain new perspective simply looking serve energy want new perspective every person meet,0,0,Wed Sep 28 00:21:33 +0000 2022,0
Obviously Donovan many times cusp many times drive energy left lot table last year still lot energy left us bring Cavs center Jarrett Allen said https co HTWT YTKL,4,1,Wed Sep 28 00:21:00 +0000 2022,0
